{"cameraMode":{"drawMode":0,"name":"Shaded","section":"Shading Mode"},"sceneLighting":false,"audioPlay":false,"sceneViewState":{"showFog":true,"showMaterialUpdate":false,"showSkybox":true,"showFlares":true,"showImageEffects":true,"showParticleSystems":true},"in2DMode":false,"pivot":{"x":2.0777690410614015,"y":3.898670196533203,"z":-3.0409374237060549},"rotation":{"x":-0.22881190478801728,"y":0.22309929132461549,"z":-0.053960416465997699,"w":-0.9460228085517883},"size":10.0,"orthographic":false}